"Archip","sp_id","IDsps","species","commonName","grp","ext_date_min","ext_date_max","ext_date","year_last_recorded","p_records","p_threats","fossil_max","fossil_min"
"New Caledonia",1,"x285","Accipiter efficax","powerful goshawk","fossil",NA,NA,NA,NA,NA,NA,NA,NA
"New Caledonia",2,"x284","Accipiter quartus","gracile goshawk","fossil",NA,NA,NA,NA,NA,NA,NA,NA
"New Caledonia",3,"x272","Aceros sp./Lifou","Lifou Hornbill","fossil",NA,NA,NA,NA,NA,NA,NA,NA
"New Zealand",1,"x227","Aegotheles novazelandiae","New Zealand owlet-nightjar","fossil",NA,NA,NA,NA,NA,NA,NA,NA
"Madagascar",1,"x474","Aepyornis hildebrandti","Hildebrandt's elephant bird","fossil",NA,NA,NA,NA,NA,NA,NA,NA
"Madagascar",2,"x475","Aepyornis maximus","Giant elephant bird","fossil",NA,NA,NA,NA,NA,NA,NA,NA
"Cook*",1,"x297","Aerodramus manuoi","Mangaia swiftlet","fossil",NA,NA,NA,NA,NA,NA,NA,NA
"Hawaii",1,"x274","aff.Tadorna sp./Kauai","undescribed long-legged duck","fossil",NA,NA,NA,NA,NA,NA,NA,NA
"Hawaii",2,"x173","Aidemedia chascax","Oahu icterid-like gaper","fossil",NA,NA,NA,NA,NA,NA,NA,NA
"Hawaii",3,"x172","Aidemedia lutetiae","Maui Nui icterid-like gaper","fossil",NA,NA,NA,NA,NA,NA,NA,NA
"Hawaii",4,"x174","Aidemedia zanclops","Sickle-billed gaper","fossil",NA,NA,NA,NA,NA,NA,NA,NA
"Pitcairn*",1,"x280","Alopecoenas leonpascoi","Ground-dove","fossil",NA,NA,NA,NA,NA,NA,NA,NA
"New Caledonia",4,"x287","Alopecoenas longitarsus","New Caledonian ground dove","fossil",NA,NA,NA,NA,NA,NA,NA,NA
"Marquesas",1,"x298","Alopecoenas nui","Giant ground dove","fossil",NA,NA,NA,NA,NA,NA,NA,NA
"Madagascar",3,"x477","Alopochen sirabensis","Malagasy shelduck","fossil",NA,NA,NA,NA,NA,NA,NA,NA
"Windward*",1,"x088","Amazona sp./Montserrat","Montserrat parrot","fossil",NA,NA,NA,NA,NA,NA,NA,NA
"Bahamas*",1,"x087","Amazona sp./Turks","Turks and Caicos parrot","fossil",NA,NA,NA,NA,NA,NA,NA,NA
"Fiji*",1,"x276","Anas sp./VitiLevu","Fiji Teal","fossil",NA,NA,NA,NA,NA,NA,NA,NA
"Hawaii",5,"x271","Anatidae sp./Oahu","Supernumerary Oahu goose","fossil",NA,NA,NA,NA,NA,NA,NA,NA
"Mariana*",1,"x368","Anatidae sp./Rota","Rota flightless duck","fossil",NA,NA,NA,NA,NA,NA,NA,NA
"New Zealand",2,"x234","Anomalopteryx didiformis","Bush moa","fossil",NA,NA,NA,NA,NA,NA,NA,NA
"Balearic*",1,"x007","Anser sp./Eivissa","Eivissan duck","fossil",NA,NA,NA,NA,NA,NA,NA,NA
"Society*",1,"x305","Aplonis diluvialis","Huahine starling","fossil",NA,NA,NA,NA,NA,NA,NA,NA
"Hawaii",6,"x132","Apteribis brevis","Maui upland apteribis","fossil",NA,NA,NA,NA,NA,NA,NA,NA
"Hawaii",7,"x131","Apteribis glenos","Molokai apteribis","fossil",NA,NA,NA,NA,NA,NA,NA,NA
"Hawaii",8,"x275","Apteribis sp./Lanai","Hawaiian ibis","fossil",NA,NA,NA,NA,NA,NA,NA,NA
"Hawaii",9,"x199","Apteribis sp./Maui","Maui lowland apteribis","fossil",NA,NA,NA,NA,NA,NA,NA,NA
"New Zealand",3,"x226","Aptornis defossor","South Island adzebill","fossil",NA,NA,NA,NA,NA,NA,NA,NA
"New Zealand",4,"x225","Aptornis otidiformis","North Island adzebill","fossil",NA,NA,NA,NA,NA,NA,NA,NA
"Sardinia*",1,"x005","Aquila nipaloides","Tyrrhenian eagle","fossil",NA,NA,NA,NA,NA,NA,NA,NA
"Hispaniola*",1,"x082","Ara autocthones","Puerto Rican Macaw","fossil",NA,NA,NA,NA,NA,NA,NA,NA
"Easter*",1,"x142","Ardeidae sp./EasterIsland","Easter island Heron","fossil",NA,NA,NA,NA,NA,NA,NA,NA
"Sardinia*",2,"x003","Athene angelis","Corsica owl","fossil",NA,NA,NA,NA,NA,NA,NA,NA
"Greek*",1,"x002","Athene cretensis","Cretan owl","fossil",NA,NA,NA,NA,NA,NA,NA,NA
"New Zealand",5,"x212","Biziura delautouri","New Zealand Musk Duck","fossil",NA,NA,NA,NA,NA,NA,NA,NA
"Pitcairn*",2,"x282","Bountyphaps obsoleta","Henderson archaic pigeon","fossil",NA,NA,NA,NA,NA,NA,NA,NA
"Madagascar",4,"x486","Brachypteracias langrandi","Ampoza ground roller","fossil",NA,NA,NA,NA,NA,NA,NA,NA
"Hawaii",10,"x126","Branta hylobadistes","Nene-nui","fossil",NA,NA,NA,NA,NA,NA,NA,NA
"Hawaii",11,"x125","Branta rhuax","Giant Hawaii goose","fossil",NA,NA,NA,NA,NA,NA,NA,NA
"Sardinia*",3,"x004","Bubo insularis","Insular eagle-owl","fossil",NA,NA,NA,NA,NA,NA,NA,NA
"Cuba*",1,"x093","Bubo osvaldoi","Cuban horned owl?","fossil",NA,NA,NA,NA,NA,NA,NA,NA
"Balearic*",2,"x001","Bubo sp./Eivissa","Eivissan eagle-owl","fossil",NA,NA,NA,NA,NA,NA,NA,NA
"Bahamas*",2,"x066","Buteo quadratus","Red-shouldered hawk","fossil",NA,NA,NA,NA,NA,NA,NA,NA
"Cuba*",2,"x067","Buteogallus borrasi","-","fossil",NA,NA,NA,NA,NA,NA,NA,NA
"New Caledonia",5,"x416","Cacatua sp./NewCaledonia","New Caledonian Cockatoo","fossil",NA,NA,NA,NA,NA,NA,NA,NA
"Bismarck*",1,"x381","Cacatua sp./NewIreland","New ireland cockatoo","fossil",NA,NA,NA,NA,NA,NA,NA,NA
"New Caledonia",6,"x286","Caloenas canacorum","Kanaka or great green pigeon","fossil",NA,NA,NA,NA,NA,NA,NA,NA
"New Zealand",6,"x205","Capellirallus karamu","Snipe-rail","fossil",NA,NA,NA,NA,NA,NA,NA,NA
"Cuba*",3,"x071","Caracara creightoni","Bahaman caracara","fossil",NA,NA,NA,NA,NA,NA,NA,NA
"Hispaniola*",2,"x073","Caracara latebrosus","Puerto Rican caracara","fossil",NA,NA,NA,NA,NA,NA,NA,NA
"Cuba*",4,"x074","Caracara sp./GranCayman","Grand Cayman caracara","fossil",NA,NA,NA,NA,NA,NA,NA,NA
"Cuba*",5,"x072","Caracara tellustris","Jamaican caracara","fossil",NA,NA,NA,NA,NA,NA,NA,NA
"Canaries*",1,"x016","Carduelis aurelioi","Slender-billed greenfinch","fossil",NA,NA,NA,NA,NA,NA,NA,NA
"Canaries*",2,"x017","Carduelis triasi","Trias greenfinch","fossil",NA,NA,NA,NA,NA,NA,NA,NA
"Madagascar",5,"x478","Centrornis majori","Malagasy sheldgoose","fossil",NA,NA,NA,NA,NA,NA,NA,NA
"Tonga*",1,"x364","Cettia sp./Eua","Eua bush warbler","fossil",NA,NA,NA,NA,NA,NA,NA,NA
"Cook*",2,"x332","cf.Dendrocygna sp./Aitutaki","Aitutaki whistling duck","fossil",NA,NA,NA,NA,NA,NA,NA,NA
"Marquesas",2,"x329","cf.Myiagra sp./UaHuka","Indeterminate flycatcher","fossil",NA,NA,NA,NA,NA,NA,NA,NA
"Mariana*",2,"x323","cf.Vini sp./Guam","Guam lorikeet","fossil",NA,NA,NA,NA,NA,NA,NA,NA
"Hawaii",12,"x140","Chaetoptila sp./Maui","Narrow-billed Kioea","fossil",NA,NA,NA,NA,NA,NA,NA,NA
"Hawaii",13,"x127","Chelychelynechen quassus","Turtle-jawed moa-nalo","fossil",NA,NA,NA,NA,NA,NA,NA,NA
"Hawaii",14,"x162","Chloridops regiskongi","King Kong grosbeak","fossil",NA,NA,NA,NA,NA,NA,NA,NA
"Hawaii",15,"x133","Chloridops sp./Kauai","Kauai grosbeak","fossil",NA,NA,NA,NA,NA,NA,NA,NA
"Hawaii",16,"x134","Chloridops sp./Maui","Maui grosbeak","fossil",NA,NA,NA,NA,NA,NA,NA,NA
"Hawaii",17,"x161","Chloridops wahi","Wahi grosbeak","fossil",NA,NA,NA,NA,NA,NA,NA,NA
"Society*",2,"x309","Chroicocephalus utunui","Huahine Gull","fossil",NA,NA,NA,NA,NA,NA,NA,NA
"Cuba*",6,"x504","Ciconia maltha","La Brea stork","fossil",NA,NA,NA,NA,NA,NA,NA,NA
"Cuba*",7,"x102","Ciconia sp./Cuba","Cuban stork","fossil",NA,NA,NA,NA,NA,NA,NA,NA
"Hawaii",18,"x147","Circus dossenus","Hawaiian harrier","fossil",NA,NA,NA,NA,NA,NA,NA,NA
"New Zealand",7,"x229","Circus teauteensis","Eyle's harrier","fossil",NA,NA,NA,NA,NA,NA,NA,NA
"Hawaii",19,"x175","Ciridops tenax","Stout-legged finch ","fossil",NA,NA,NA,NA,NA,NA,NA,NA
"New Zealand",8,"x215","Cnemiornis calcitrans","South island goose","fossil",NA,NA,NA,NA,NA,NA,NA,NA
"New Zealand",9,"x216","Cnemiornis gracillis","North island goose","fossil",NA,NA,NA,NA,NA,NA,NA,NA
"Fiji*",2,"x359","Coenocorypha miratropica","Viti Levu snipe","fossil",NA,NA,NA,NA,NA,NA,NA,NA
"New Caledonia",7,"x293","Coenocorypha neocaledonica","New Caledonian snipe","fossil",NA,NA,NA,NA,NA,NA,NA,NA
"Norfolk*",1,"x264","Coenocorypha sp./Norfolk","Norfolk Island Snipe","fossil",NA,NA,NA,NA,NA,NA,NA,NA
"Solomon*",1,"x404","Columbidae sp./Buka1","Small-winged ground pigeon","fossil",NA,NA,NA,NA,NA,NA,NA,NA
"Solomon*",2,"x405","Columbidae sp./Buka2","Kilu ground-pigeon","fossil",NA,NA,NA,NA,NA,NA,NA,NA
"New Zealand",10,"x255","Corvus antipodum","New zealand raven","fossil",NA,NA,NA,NA,NA,NA,NA,NA
"Hawaii",20,"x152","Corvus impluviatus","High-billed crow","fossil",NA,NA,NA,NA,NA,NA,NA,NA
"Hispaniola*",3,"x101","Corvus pumilis","Puerto Rican crow","fossil",NA,NA,NA,NA,NA,NA,NA,NA
"Bismarck*",2,"x389","Corvus sp.NewIreland","New ireland crow","fossil",NA,NA,NA,NA,NA,NA,NA,NA
"Hawaii",21,"x153","Corvus viriosus","Robust crow","fossil",NA,NA,NA,NA,NA,NA,NA,NA
"Canaries*",3,"x011","Coturnix gomerae","Canary islands quail","fossil",NA,NA,NA,NA,NA,NA,NA,NA
"Madagascar",6,"x481","Coua berthae","Bertha's coua","fossil",NA,NA,NA,NA,NA,NA,NA,NA
"Madagascar",7,"x480","Coua primaeva","Ancient coua","fossil",NA,NA,NA,NA,NA,NA,NA,NA
"New Zealand",11,"x244","Dendroscansor decurvirostris","Long-billed wren","fossil",NA,NA,NA,NA,NA,NA,NA,NA
"Tonga*",2,"x339","Didunculus placopedetes","Tongan tooth-billed pigeon","fossil",NA,NA,NA,NA,NA,NA,NA,NA
"New Zealand",12,"x239","Dinornis novaezealandiae","North island giant moa","fossil",NA,NA,NA,NA,NA,NA,NA,NA
"New Zealand",13,"x240","Dinornis robustus","South island giant moa","fossil",NA,NA,NA,NA,NA,NA,NA,NA
"Marquesas",3,"x327","Ducula cf.galeata","Nuku Hiva pigeon","fossil",NA,NA,NA,NA,NA,NA,NA,NA
"Tonga*",3,"x341","Ducula david","Steadman's imperial pigeon","fossil",NA,NA,NA,NA,NA,NA,NA,NA
"Pitcairn*",3,"x281","Ducula harrisoni ","Henderson imperial pigeon","fossil",NA,NA,NA,NA,NA,NA,NA,NA
"Fiji*",3,"x357","Ducula lakeba","Lakeba imperial pigeon","fossil",NA,NA,NA,NA,NA,NA,NA,NA
"Tonga*",4,"x343","Ducula sp./Eua","Immense pigeon","fossil",NA,NA,NA,NA,NA,NA,NA,NA
"Vanuatu",1,"x392","Eclectus cf.infectus","Malakula eclectus parrot","fossil",NA,NA,NA,NA,NA,NA,NA,NA
"Canaries*",4,"x015","Emberiza alcoveri","Long-legged bunting","fossil",NA,NA,NA,NA,NA,NA,NA,NA
"New Zealand",14,"x233","Emeus crassus","Eastern moa","fossil",NA,NA,NA,NA,NA,NA,NA,NA
"Tonga*",5,"x354","Eopsaltria sp.Eua","Eua yellow robin","fossil",NA,NA,NA,NA,NA,NA,NA,NA
"Canaries*",5,"x009","Erithacus sp./Canaries","Canary robin","fossil",NA,NA,NA,NA,NA,NA,NA,NA
"Mariana*",3,"x308","Erythrura sp./Guam","Rota parrot-finch","fossil",NA,NA,NA,NA,NA,NA,NA,NA
"New Zealand",15,"x232","Euryapteryx curtus","Stout-legged moa or coastal moa","fossil",NA,NA,NA,NA,NA,NA,NA,NA
"Cuba*",8,"x098","Falco kurochkini","Cuban kestrel","fossil",NA,NA,NA,NA,NA,NA,NA,NA
"Bahamas*",3,"x123","Forpus sp./Abaco","Abaco parrtolet","fossil",NA,NA,NA,NA,NA,NA,NA,NA
"Azores",1,"x034","Fringilla sp./Azores","Azores Chaffinch","fossil",NA,NA,NA,NA,NA,NA,NA,NA
"Canaries*",6,"x020","Fringillidae sp./Madeira","Madeira fringilid","fossil",NA,NA,NA,NA,NA,NA,NA,NA
"New Zealand",16,"x206","Fulica prisca","New Zealand coot","fossil",NA,NA,NA,NA,NA,NA,NA,NA
"Cook*",3,"x334","Gallicolumba sp./Mangaia","Mangaia pigeon","fossil",NA,NA,NA,NA,NA,NA,NA,NA
"Marquesas",4,"x328","Gallicolumba sp./Marquesas","Undescribed ground dove","fossil",NA,NA,NA,NA,NA,NA,NA,NA
"Austral*",1,"x344","Gallicolumba sp./Rurutu1","Rurutu large ground-dove","fossil",NA,NA,NA,NA,NA,NA,NA,NA
"Austral*",2,"x423","Gallicolumba sp./Tubuai","Tubuai Ground dove","fossil",NA,NA,NA,NA,NA,NA,NA,NA
"Cuba*",9,"x079","Gallinago kakuki","-","fossil",NA,NA,NA,NA,NA,NA,NA,NA
"Bahamas*",4,"x122","Gallinago sp./Bahama","Bahama snipe","fossil",NA,NA,NA,NA,NA,NA,NA,NA
"Tonga*",6,"x353","Gallinula sp./Eua","Eua moorhen","fossil",NA,NA,NA,NA,NA,NA,NA,NA
"Marquesas",5,"x319","Gallirallus epulare","Nuku Hiva rail","fossil",NA,NA,NA,NA,NA,NA,NA,NA
"Bismarck*",3,"x393","Gallirallus ernstmayri","New Ireland rail","fossil",NA,NA,NA,NA,NA,NA,NA,NA
"Marquesas",6,"x318","Gallirallus gracilitibia","Ua Huka rail","fossil",NA,NA,NA,NA,NA,NA,NA,NA
"Tonga*",7,"x335","Gallirallus huiatua","Niue rail","fossil",NA,NA,NA,NA,NA,NA,NA,NA
"Mariana*",4,"x377","Gallirallus pendiculentus","Tinian rail","fossil",NA,NA,NA,NA,NA,NA,NA,NA
"Mariana*",5,"x378","Gallirallus pisonii","Aguijan rail","fossil",NA,NA,NA,NA,NA,NA,NA,NA
"Marquesas",7,"x317","Gallirallus roletti","Tahuata rail","fossil",NA,NA,NA,NA,NA,NA,NA,NA
"Tonga*",8,"x200","Gallirallus sp./Haafeva","Ha'afeva rail","fossil",NA,NA,NA,NA,NA,NA,NA,NA
"Austral*",3,"x342","Gallirallus sp./Rurutu","Rurutu rail","fossil",NA,NA,NA,NA,NA,NA,NA,NA
"Mariana*",6,"x304","Gallirallus sp./Saipan","Saipan rail","fossil",NA,NA,NA,NA,NA,NA,NA,NA
"Society*",3,"x307","Gallirallus storrsolsoni","Huahine rail","fossil",NA,NA,NA,NA,NA,NA,NA,NA
"Mariana*",7,"x379","Gallirallus temptatus","Rota rail","fossil",NA,NA,NA,NA,NA,NA,NA,NA
"Tonga*",9,"x336","Gallirallus vekamatolu","Eua rail","fossil",NA,NA,NA,NA,NA,NA,NA,NA
"Hispaniola*",4,"x108","Geotrygon larva","Puerto Rican quail-dove","fossil",NA,NA,NA,NA,NA,NA,NA,NA
"Cuba*",10,"x601","Gigantohierax suarezi","-","fossil",NA,NA,NA,NA,NA,NA,NA,NA
"Hawaii",22,"x148","Grallistrix auceps","Kauai stilt-owl","fossil",NA,NA,NA,NA,NA,NA,NA,NA
"Hawaii",23,"x151","Grallistrix erdmani","Maui stilt-owl","fossil",NA,NA,NA,NA,NA,NA,NA,NA
"Hawaii",24,"x150","Grallistrix geleches","Molokai stilt-owl","fossil",NA,NA,NA,NA,NA,NA,NA,NA
"Hawaii",25,"x149","Grallistrix orion","Oahu stilt-owl","fossil",NA,NA,NA,NA,NA,NA,NA,NA
"Cuba*",11,"x110","Grus cubensis","Cuban flightless crane","fossil",NA,NA,NA,NA,NA,NA,NA,NA
"Cuba*",12,"x103","Gymnogyps varonai","Cuban condor","fossil",NA,NA,NA,NA,NA,NA,NA,NA
"Hawaii",26,"x169","Hemignathus upupirostris","Hoopoe-billed Akialoa","fossil",NA,NA,NA,NA,NA,NA,NA,NA
"Hawaii",27,"x170","Hemignathus vorpalis","Giant nukupuu","fossil",NA,NA,NA,NA,NA,NA,NA,NA
"New Zealand",17,"x228","Hieraaetus moorei","Haast's eagle","fossil",NA,NA,NA,NA,NA,NA,NA,NA
"Madagascar",8,"x479","Hovacrex roberti","Hova gallinule","fossil",NA,NA,NA,NA,NA,NA,NA,NA
"Cook*",4,"x295","Hypotaenidia ripleyi","Mangaia rail / Ripley's rail","fossil",NA,NA,NA,NA,NA,NA,NA,NA
"Austral*",4,"x365","Hypotaenidia steadmani","Tubuai Rail","fossil",NA,NA,NA,NA,NA,NA,NA,NA
"Tonga*",10,"x349","Lalage sp./Eua","Eua triller","fossil",NA,NA,NA,NA,NA,NA,NA,NA
"Hawaii",28,"x273","Larus sp./Kauai","Kauai gull","fossil",NA,NA,NA,NA,NA,NA,NA,NA
"Lesser Sunda*",1,"x426","Leptoptilos robustus","Flores giant stork","fossil",NA,NA,NA,NA,NA,NA,NA,NA
"Hawaii",29,"x164","Loxioides kikuchi","Kauai palila","fossil",NA,NA,NA,NA,NA,NA,NA,NA
"Society*",4,"x303","Macropygia arevarevauupa","Huahine cuckoo-dove","fossil",NA,NA,NA,NA,NA,NA,NA,NA
"Marquesas",8,"x326","Macropygia heana","Marquesas cuckoo-dove","fossil",NA,NA,NA,NA,NA,NA,NA,NA
"New Zealand",18,"x213","Malacorhynchus scarletti","Scarlett's duck","fossil",NA,NA,NA,NA,NA,NA,NA,NA
"New Zealand",19,"x242","Megadyptes waitaha","Waitaha penguin","fossil",NA,NA,NA,NA,NA,NA,NA,NA
"New Zealand",20,"x238","Megalapteryx didinus","Upland moa","fossil",NA,NA,NA,NA,NA,NA,NA,NA
"Fiji*",4,"x333","Megapodius alimentum","Consumed scrubfowl","fossil",NA,NA,NA,NA,NA,NA,NA,NA
"Fiji*",5,"x363","Megapodius amissus","Viti Levu scrubfowl","fossil",NA,NA,NA,NA,NA,NA,NA,NA
"New Caledonia",8,"x288","Megapodius molistructor","pile-builder megapode","fossil",NA,NA,NA,NA,NA,NA,NA,NA
"Solomon*",3,"x410","Megapodius sp./Buka","Large solomons islands megapode","fossil",NA,NA,NA,NA,NA,NA,NA,NA
"Tonga*",11,"x352","Megapodius sp./Eua","Eua scrubfowl","fossil",NA,NA,NA,NA,NA,NA,NA,NA
"Bismarck*",4,"x382","Megapodius sp./NewIreland","New Ireland megapode","fossil",NA,NA,NA,NA,NA,NA,NA,NA
"Fiji*",6,"x362","Megavitiornis altirostris","Noble 'megapode'","fossil",NA,NA,NA,NA,NA,NA,NA,NA
"Cuba*",13,"x114","Melopyrrha latirostris","Cayman finch","fossil",NA,NA,NA,NA,NA,NA,NA,NA
"Hispaniola*",5,"x076","Milvago alexandri","Hispaniolan caracara","fossil",NA,NA,NA,NA,NA,NA,NA,NA
"Cuba*",14,"x075","Milvago carbo","Cuban caracara","fossil",NA,NA,NA,NA,NA,NA,NA,NA
"Madagascar",9,"x473","Mullerornis modestus","elephant bird 'Mullerornis'","fossil",NA,NA,NA,NA,NA,NA,NA,NA
"Vanuatu",2,"x370","Mwalau walterlinii","Lini's megapode","fossil",NA,NA,NA,NA,NA,NA,NA,NA
"Tonga*",12,"x417","Myiagra sp./Tonga","Tongan Flycatcher","fossil",NA,NA,NA,NA,NA,NA,NA,NA
"Fiji*",7,"x358","Natunaornis gigoura","giant flightless pigeon","fossil",NA,NA,NA,NA,NA,NA,NA,NA
"Windward*",2,"x059","Neochen barbadiana","Barbados goose","fossil",NA,NA,NA,NA,NA,NA,NA,NA
"Hispaniola*",6,"x104","Nesotrochis debooyi","De Booy's rail","fossil",NA,NA,NA,NA,NA,NA,NA,NA
"Cuba*",15,"x105","Nesotrochis picapicensis","Cuban cave-rail","fossil",NA,NA,NA,NA,NA,NA,NA,NA
"Hispaniola*",7,"x106","Nesotrochis steganinos","Haitian cave-rail","fossil",NA,NA,NA,NA,NA,NA,NA,NA
"New Caledonia",9,"x294","Ninox sp./NewCaledonia","New Caledonian Boobook","fossil",NA,NA,NA,NA,NA,NA,NA,NA
"Tonga*",13,"x338","Nycticorax kalavikai","Niue night-heron","fossil",NA,NA,NA,NA,NA,NA,NA,NA
"Tonga*",14,"x367","Nycticorax sp./Eua","Eua night-heron","fossil",NA,NA,NA,NA,NA,NA,NA,NA
"Cuba*",16,"x097","Ornimegalonyx acevedoi","Cuban giant owl (4)","fossil",NA,NA,NA,NA,NA,NA,NA,NA
"Cuba*",17,"x095","Ornimegalonyx gigas","Cuban giant owl (2)","fossil",NA,NA,NA,NA,NA,NA,NA,NA
"Cuba*",18,"x094","Ornimegalonyx minor","Cuban giant owl (1)","fossil",NA,NA,NA,NA,NA,NA,NA,NA
"Cuba*",19,"x096","Ornimegalonyx oteroi","Cuban giant owl (3)","fossil",NA,NA,NA,NA,NA,NA,NA,NA
"Hawaii",30,"x165","Orthiospiza howarthi","Highland finch","fossil",NA,NA,NA,NA,NA,NA,NA,NA
"Cuba*",20,"x058","Oscaravis olsoni","Cuban teratorn","fossil",NA,NA,NA,NA,NA,NA,NA,NA
"Azores",2,"x023","Otus frutuosoi","São Miguel scops owl","fossil",NA,NA,NA,NA,NA,NA,NA,NA
"Canaries*",7,"x024","Otus mauli","Madeiran scops owl","fossil",NA,NA,NA,NA,NA,NA,NA,NA
"New Zealand",21,"x221","Oxyura vantetsi","New Zealand stiff-tailed duck","fossil",NA,NA,NA,NA,NA,NA,NA,NA
"New Zealand",22,"x237","Pachyornis australis","Crested moa","fossil",NA,NA,NA,NA,NA,NA,NA,NA
"New Zealand",23,"x236","Pachyornis elephantopus","Heavy-footed moa","fossil",NA,NA,NA,NA,NA,NA,NA,NA
"New Zealand",24,"x235","Pachyornis geranoides","Mantell's moa","fossil",NA,NA,NA,NA,NA,NA,NA,NA
"New Zealand",25,"x248","Pachyplichas jagmi","North island Stout-legged wren","fossil",NA,NA,NA,NA,NA,NA,NA,NA
"New Zealand",26,"x247","Pachyplichas yaldwyni","South island Stout-legged wren","fossil",NA,NA,NA,NA,NA,NA,NA,NA
"Solomon*",4,"x421","Pareudiastes sp./Buka","Buka gallinule","fossil",NA,NA,NA,NA,NA,NA,NA,NA
"Hawaii",31,"x130","Patiochen pau","Small-billed moa-nalo","fossil",NA,NA,NA,NA,NA,NA,NA,NA
"Hispaniola*",8,"x109","Pedinorhis stirpsarcana","Puerto Rican Bunting","fossil",NA,NA,NA,NA,NA,NA,NA,NA
"Falkland*",1,"x057","Phalcoboenus napieri","-","fossil",NA,NA,NA,NA,NA,NA,NA,NA
"Society*",5,"x306","Porphyrio mcnabi","Huahine swamphen","fossil",NA,NA,NA,NA,NA,NA,NA,NA
"Cook*",5,"x348","Porphyrio sp./Mangaia","Mangaia swamphen/woodhen","fossil",NA,NA,NA,NA,NA,NA,NA,NA
"Bismarck*",5,"x383","Porphyrio sp./NewIreland","Giant swamphen","fossil",NA,NA,NA,NA,NA,NA,NA,NA
"Norfolk*",2,"x263","Porphyrio sp./Norfolk","Norfolk island Gallinule","fossil",NA,NA,NA,NA,NA,NA,NA,NA
"Mariana*",8,"x375","Porphyrio sp./Rota","Rota swamphen","fossil",NA,NA,NA,NA,NA,NA,NA,NA
"Mariana*",9,"x374","Porphyrio sp./Tinian","Tinian swamphen","fossil",NA,NA,NA,NA,NA,NA,NA,NA
"Easter*",2,"x141","Procellariidae sp.EasterIsland","Easter island Procellariidae","fossil",NA,NA,NA,NA,NA,NA,NA,NA
"Pitcairn*",4,"x283","Prosobonia sp./Henderson","Henderson sandpiper","fossil",NA,NA,NA,NA,NA,NA,NA,NA
"Cook*",6,"x324","Prosobonia sp./Mangaia","Mangaia sandpiper","fossil",NA,NA,NA,NA,NA,NA,NA,NA
"Gambier*",1,"x403","Pseudobulweria sp./Gambier","Mangareva petrel","fossil",NA,NA,NA,NA,NA,NA,NA,NA
"Easter*",3,"x157","Psittacidae sp./EasterIsland1","Easter island Psitacid sp1","fossil",NA,NA,NA,NA,NA,NA,NA,NA
"Easter*",4,"x159","Psittacidae sp./EasterIsland2","Easter island Psitacid sp2","fossil",NA,NA,NA,NA,NA,NA,NA,NA
"Mariana*",10,"x380","Psittacidae sp./Rota","Rota parrot","fossil",NA,NA,NA,NA,NA,NA,NA,NA
"Hawaii",32,"x124","Pterodroma jugabilis","Oahu petrel","fossil",NA,NA,NA,NA,NA,NA,NA,NA
"Canaries*",8,"x014","Pterodroma sp./Hierro","Canary islands petrel","fossil",NA,NA,NA,NA,NA,NA,NA,NA
"Austral*",5,"x422","Ptilinopus sp./Tubiau","Tubuai Fruit dove","fossil",NA,NA,NA,NA,NA,NA,NA,NA
"Canaries*",9,"x012","Puffinus holeae","Dune shearwater","fossil",NA,NA,NA,NA,NA,NA,NA,NA
"Canaries*",10,"x013","Puffinus olsoni","Lava Shearwater","fossil",NA,NA,NA,NA,NA,NA,NA,NA
"New Zealand",27,"x241","Puffinus spelaeus","Scarlett's shearwater","fossil",NA,NA,NA,NA,NA,NA,NA,NA
"Cuba*",21,"x602","Pulsatrix arredondoi","Cuban Spectacled Owl","fossil",NA,NA,NA,NA,NA,NA,NA,NA
"Azores",3,"x025","Pyrrhula crassa","Azores large bullfinch","fossil",NA,NA,NA,NA,NA,NA,NA,NA
"Easter*",5,"x146","Rallidae sp./EasterIsland","Easter island rail","fossil",NA,NA,NA,NA,NA,NA,NA,NA
"Canaries*",11,"x030","Rallus adolfocaesaris","Porto Santo rail","fossil",NA,NA,NA,NA,NA,NA,NA,NA
"Azores",4,"x026","Rallus carvaoensis","São Miguel rail","fossil",NA,NA,NA,NA,NA,NA,NA,NA
"Bahamas*",5,"x107","Rallus cyanocavi","Medium-sized Abaco rail","fossil",NA,NA,NA,NA,NA,NA,NA,NA
"Balearic*",3,"x006","Rallus eivissensis","Ibiza rail","fossil",NA,NA,NA,NA,NA,NA,NA,NA
"Canaries*",12,"x029","Rallus lowei","Madeira rail","fossil",NA,NA,NA,NA,NA,NA,NA,NA
"Azores",5,"x027","Rallus montivagorum","Pico rail","fossil",NA,NA,NA,NA,NA,NA,NA,NA
"Azores",6,"x028","Rallus nanus","Sao Jorge rail","fossil",NA,NA,NA,NA,NA,NA,NA,NA
"Bahamas*",6,"x115","Rallus sp./Abaco","Large Abaco flightless rail","fossil",NA,NA,NA,NA,NA,NA,NA,NA
"Azores",7,"x031","Rallus sp./Graciosa","Graciosa rail","fossil",NA,NA,NA,NA,NA,NA,NA,NA
"Canaries*",13,"x018","Rallus sp./Madeira","Madeira undescribed rail","fossil",NA,NA,NA,NA,NA,NA,NA,NA
"Azores",8,"x033","Rallus sp./SantaMaria","Santa Maria rail","fossil",NA,NA,NA,NA,NA,NA,NA,NA
"Azores",9,"x032","Rallus sp./Terceira","Terceira rail","fossil",NA,NA,NA,NA,NA,NA,NA,NA
"Hawaii",33,"x192","Rhodacanthis forfex","scissor-billed koa finch","fossil",NA,NA,NA,NA,NA,NA,NA,NA
"Hawaii",34,"x193","Rhodacanthis litotes","primitive koa finch ","fossil",NA,NA,NA,NA,NA,NA,NA,NA
"New Caledonia",10,"x292","Rhynochetos orarius","Lowland kagu","fossil",NA,NA,NA,NA,NA,NA,NA,NA
"Hispaniola*",9,"x078","Scolopax anthonyi","Puerto Rican woodcock","fossil",NA,NA,NA,NA,NA,NA,NA,NA
"Hispaniola*",10,"x077","Scolopax brachycarpa","Hispaniolan woodcock","fossil",NA,NA,NA,NA,NA,NA,NA,NA
"Cuba*",22,"x092","Scytalopus sp./Cuba","Cuban tapaluco","fossil",NA,NA,NA,NA,NA,NA,NA,NA
"Cuba*",23,"x100","Siphonorhis daiquiri","Cuban poorwill","fossil",NA,NA,NA,NA,NA,NA,NA,NA
"Madagascar",10,"x484","Stephanoaetus mahery","Malagasy crowned eagle","fossil",NA,NA,NA,NA,NA,NA,NA,NA
"New Caledonia",11,"x289","Sylviornis neocaledoniae","giant flightless Sylviornis","fossil",NA,NA,NA,NA,NA,NA,NA,NA
"Hispaniola*",11,"x111","Tachornis uranoceles","Puerto Rican palm swift","fossil",NA,NA,NA,NA,NA,NA,NA,NA
"Hawaii",35,"x203","Talpanas lippa","Kauai mole duck","fossil",NA,NA,NA,NA,NA,NA,NA,NA
"Hawaii",36,"x166","Telespiza aff.ypsilon","Maui Nui finch","fossil",NA,NA,NA,NA,NA,NA,NA,NA
"Hawaii",37,"x155","Telespiza persecutrix","Kauai finch","fossil",NA,NA,NA,NA,NA,NA,NA,NA
"Hawaii",38,"x156","Telespiza ypsilon","Molokai finch","fossil",NA,NA,NA,NA,NA,NA,NA,NA
"Hawaii",39,"x128","Thambetochen chauliodous","Maui Nui moa-nalo","fossil",NA,NA,NA,NA,NA,NA,NA,NA
"Hawaii",40,"x129","Thambetochen xanion","Oahu moa-nalo","fossil",NA,NA,NA,NA,NA,NA,NA,NA
"Bahamas*",7,"x068","Titanohierax gloveralleni","Bahama eagle","fossil",NA,NA,NA,NA,NA,NA,NA,NA
"Hispaniola*",12,"x069","Titanohierax sp./Hispaniola","-","fossil",NA,NA,NA,NA,NA,NA,NA,NA
"Azores",10,"x021","Troglodytidae sp./Azores","Azores Troglodytidae","fossil",NA,NA,NA,NA,NA,NA,NA,NA
"Azores",11,"x022","Turdus sp./Azores","Azores Thrush","fossil",NA,NA,NA,NA,NA,NA,NA,NA
"Canaries*",14,"x010","Turdus sp./Canaries","Canary Thrush","fossil",NA,NA,NA,NA,NA,NA,NA,NA
"Canaries*",15,"x019","Turdus sp./Madeira","Madeira Thrush","fossil",NA,NA,NA,NA,NA,NA,NA,NA
"Hispaniola*",13,"x064","Tyto cavatica","Puerto Rican barn owl","fossil",NA,NA,NA,NA,NA,NA,NA,NA
"Cuba*",24,"x060","Tyto cravesae","Crave's giant barn owl","fossil",NA,NA,NA,NA,NA,NA,NA,NA
"New Caledonia",12,"x290","Tyto letocarti","New Caledonian barn owl","fossil",NA,NA,NA,NA,NA,NA,NA,NA
"Cuba*",25,"x063","Tyto noeli","Noel's barn owl","fossil",NA,NA,NA,NA,NA,NA,NA,NA
"Hispaniola*",14,"x062","Tyto ostologa","Hispaniolan barn owl","fossil",NA,NA,NA,NA,NA,NA,NA,NA
"Cuba*",26,"x061","Tyto pollens","Bahamian barn owl","fossil",NA,NA,NA,NA,NA,NA,NA,NA
"Lesser Sunda*",2,"x425","Tyto sp./Flores","Flores barn-owl","fossil",NA,NA,NA,NA,NA,NA,NA,NA
"Bismarck*",6,"x386","Tyto sp./NewIreland1","New ireland lesser barn-owl","fossil",NA,NA,NA,NA,NA,NA,NA,NA
"Bismarck*",7,"x387","Tyto sp./NewIreland2","New ireland greater barn-owl","fossil",NA,NA,NA,NA,NA,NA,NA,NA
"Easter*",6,"x160","Tytonidae sp./EasterIsland","Easter island barn owl","fossil",NA,NA,NA,NA,NA,NA,NA,NA
"Madagascar",11,"x483","Vanellus madagascarensis","Malagasy lapwing","fossil",NA,NA,NA,NA,NA,NA,NA,NA
"Hawaii",41,"x185","Vangulifer mirandus","Strange-billed finch","fossil",NA,NA,NA,NA,NA,NA,NA,NA
"Hawaii",42,"x186","Vangulifer neophasis","Thin-billed finch","fossil",NA,NA,NA,NA,NA,NA,NA,NA
"Marquesas",9,"x302","Vini sinotoi","Sinoto's lorikeet","fossil",NA,NA,NA,NA,NA,NA,NA,NA
"Marquesas",10,"x301","Vini vidivici","Conquered lorikeet","fossil",NA,NA,NA,NA,NA,NA,NA,NA
"Fiji*",8,"x361","Vitirallus watlingi","Viti Levu rail","fossil",NA,NA,NA,NA,NA,NA,NA,NA
"Madagascar",12,"x476","Vorombe titan","elephant bird 'Titan'","fossil",NA,NA,NA,NA,NA,NA,NA,NA
"Cuba*",27,"x099","Xenicibis xympithecus","Jamaican ibis","fossil",NA,NA,NA,NA,NA,NA,NA,NA
"Hawaii",43,"x167","Xestospiza conica","Cone-billed finch","fossil",NA,NA,NA,NA,NA,NA,NA,NA
"Hawaii",44,"x168","Xestospiza fastiglialis","Ridge-billed finch","fossil",NA,NA,NA,NA,NA,NA,NA,NA
"Hawaii",45,"x139","Zapornia keplerorum","Small Maui crake","fossil",NA,NA,NA,NA,NA,NA,NA,NA
"Hawaii",46,"x138","Zapornia menehune","Liliput crake","fossil",NA,NA,NA,NA,NA,NA,NA,NA
"Hawaii",47,"x144","Zapornia ralphorum","Great O?ahu rail ","fossil",NA,NA,NA,NA,NA,NA,NA,NA
"Cook*",7,"x296","Zapornia rua","Mangaia crake","fossil",NA,NA,NA,NA,NA,NA,NA,NA
"Hawaii",48,"x145","Zapornia severnsi","Great Maui rail","fossil",NA,NA,NA,NA,NA,NA,NA,NA
"Mariana*",11,"x372","Zapornia sp./Aguijan","Aguijan crake","fossil",NA,NA,NA,NA,NA,NA,NA,NA
"Easter*",7,"x143","Zapornia sp./EasterIsland","Easter island crake","fossil",NA,NA,NA,NA,NA,NA,NA,NA
"Mariana*",12,"x300","Zapornia sp./Guam","Guam crake","fossil",NA,NA,NA,NA,NA,NA,NA,NA
"Hawaii",49,"x270","Zapornia sp./HawaiiLarge","Great Big Island crake","fossil",NA,NA,NA,NA,NA,NA,NA,NA
"Hawaii",50,"x266","Zapornia sp./HawaiiSmall","Small Big Island crake","fossil",NA,NA,NA,NA,NA,NA,NA,NA
"Hawaii",51,"x268","Zapornia sp./KauaiGreat","Great Kauai crake","fossil",NA,NA,NA,NA,NA,NA,NA,NA
"Hawaii",52,"x267","Zapornia sp./KauaiMedium","Medium Kauai crake","fossil",NA,NA,NA,NA,NA,NA,NA,NA
"Cook*",8,"x325","Zapornia sp./Mangaia","Lesser Mangaia crake","fossil",NA,NA,NA,NA,NA,NA,NA,NA
"Hawaii",53,"x269","Zapornia sp./Maui","Medium Maui crake","fossil",NA,NA,NA,NA,NA,NA,NA,NA
"Marquesas",11,"x394","Zapornia sp./Nuku Hiva","Nuku Hiva Crake","fossil",NA,NA,NA,NA,NA,NA,NA,NA
"Mariana*",13,"x373","Zapornia sp./Rota","Rota crake","fossil",NA,NA,NA,NA,NA,NA,NA,NA
"Mariana*",14,"x371","Zapornia sp./Tinian","Tinian crake","fossil",NA,NA,NA,NA,NA,NA,NA,NA
"Marquesas",12,"x395","Zapornia sp./UaHuka1","Ua Huka crake","fossil",NA,NA,NA,NA,NA,NA,NA,NA
"Marquesas",13,"x396","Zapornia sp./UaHuka2","Ua Huka crake","fossil",NA,NA,NA,NA,NA,NA,NA,NA
"Hawaii",54,"x137","Zapornia ziegleri","Small Oahu crake","fossil",NA,NA,NA,NA,NA,NA,NA,NA
"Tonga*",15,"x366","Zosteropidae sp./Eua","Eua white-eye","fossil",NA,NA,NA,NA,NA,NA,NA,NA
"Mariana*",15,"x299","Zosteropidae sp./Guam","Guam white-eye","fossil",NA,NA,NA,NA,NA,NA,NA,NA
"New Zealand",28,"x227","Aegotheles novazelandiae","New Zealand owlet-nightjar","fossil",NA,NA,NA,NA,NA,NA,NA,NA
"Hawaii",55,"x172","Aidemedia lutetiae","Maui Nui icterid-like gaper","fossil",NA,NA,NA,NA,NA,NA,NA,NA
"Cuba*",28,"x523","Amplibuteo woodwardi","-","fossil",NA,NA,NA,NA,NA,NA,NA,NA
"New Zealand",29,"x234","Anomalopteryx didiformis","Bush moa","fossil",NA,NA,NA,NA,NA,NA,NA,NA
"Sardinia*",4,"x005","Aquila nipaloides","Tyrrhenian eagle","fossil",NA,NA,NA,NA,NA,NA,NA,NA
"Hispaniola*",15,"x082","Ara autocthones","Puerto Rican Macaw","fossil",NA,NA,NA,NA,NA,NA,NA,NA
"New Zealand",30,"x212","Biziura delautouri","New Zealand Musk Duck","fossil",NA,NA,NA,NA,NA,NA,NA,NA
"Hawaii",56,"x126","Branta hylobadistes","Nene-nui","fossil",NA,NA,NA,NA,NA,NA,NA,NA
"Sardinia*",5,"x004","Bubo insularis","Insular eagle-owl","fossil",NA,NA,NA,NA,NA,NA,NA,NA
"New Zealand",31,"x229","Circus teauteensis","Eyle's harrier","fossil",NA,NA,NA,NA,NA,NA,NA,NA
"New Zealand",32,"x255","Corvus antipodum","New zealand raven","fossil",NA,NA,NA,NA,NA,NA,NA,NA
"Hawaii",57,"x153","Corvus viriosus","Robust crow","fossil",NA,NA,NA,NA,NA,NA,NA,NA
"Canaries*",16,"x011","Coturnix gomerae","Canary islands quail","fossil",NA,NA,NA,NA,NA,NA,NA,NA
"Mariana*",16,"x308","Erythrura sp./Guam","Rota parrot-finch","fossil",NA,NA,NA,NA,NA,NA,NA,NA
"New Zealand",33,"x232","Euryapteryx curtus","Stout-legged moa or coastal moa","fossil",NA,NA,NA,NA,NA,NA,NA,NA
"New Zealand",34,"x206","Fulica prisca","New Zealand coot","fossil",NA,NA,NA,NA,NA,NA,NA,NA
"Marquesas",14,"x328","Gallicolumba sp./Marquesas","Undescribed ground dove","fossil",NA,NA,NA,NA,NA,NA,NA,NA
"Hawaii",58,"x169","Hemignathus upupirostris","Hoopoe-billed Akialoa","fossil",NA,NA,NA,NA,NA,NA,NA,NA
"New Zealand",35,"x228","Hieraaetus moorei","Haast's eagle","fossil",NA,NA,NA,NA,NA,NA,NA,NA
"New Zealand",36,"x213","Malacorhynchus scarletti","Scarlett's duck","fossil",NA,NA,NA,NA,NA,NA,NA,NA
"Cuba*",29,"x518","Mycteria wetmorei","-","fossil",NA,NA,NA,NA,NA,NA,NA,NA
"Hispaniola*",16,"x104","Nesotrochis debooyi","De Booy's rail","fossil",NA,NA,NA,NA,NA,NA,NA,NA
"Hawaii",59,"x124","Pterodroma jugabilis","Oahu petrel","fossil",NA,NA,NA,NA,NA,NA,NA,NA
"Canaries*",17,"x013","Puffinus olsoni","Lava Shearwater","fossil",NA,NA,NA,NA,NA,NA,NA,NA
"Hawaii",60,"x192","Rhodacanthis forfex","scissor-billed koa finch","fossil",NA,NA,NA,NA,NA,NA,NA,NA
"Hawaii",61,"x193","Rhodacanthis litotes","primitive koa finch ","fossil",NA,NA,NA,NA,NA,NA,NA,NA
"New Caledonia",13,"x289","Sylviornis neocaledoniae","giant flightless Sylviornis","fossil",NA,NA,NA,NA,NA,NA,NA,NA
"Hawaii",62,"x155","Telespiza persecutrix","Kauai finch","fossil",NA,NA,NA,NA,NA,NA,NA,NA
"Bahamas*",8,"x068","Titanohierax gloveralleni","Bahama eagle","fossil",NA,NA,NA,NA,NA,NA,NA,NA
"Hawaii",63,"x168","Xestospiza fastiglialis","Ridge-billed finch","fossil",NA,NA,NA,NA,NA,NA,NA,NA
"Hawaii",64,"x126","Branta hylobadistes","Nene-nui","fossil",NA,NA,NA,NA,NA,NA,NA,NA
"Hawaii",65,"x168","Xestospiza fastiglialis","Ridge-billed finch","fossil",NA,NA,NA,NA,NA,NA,NA,NA
"Chatham*",1,"x218","Anas chathamica","Chatham Island Duck","obs_ins",NA,NA,NA,NA,NA,NA,NA,NA
"Bermuda",1,"x054","Anas pachyscelus","Bermuda flightless duck","obs_ins",NA,NA,NA,NA,NA,NA,NA,NA
"Chatham*",2,"x257","Coenocorypha chathamica","Forbes's snipe","obs_ins",NA,NA,NA,NA,NA,NA,NA,NA
"Chatham*",3,"x254","Corvus moriorum","Chatham Raven","obs_ins",NA,NA,NA,NA,NA,NA,NA,NA
"Mascarenes*",1,"x466","Cryptopsar ischyrhynchus","Mauritius starling","obs_ins",NA,NA,NA,NA,NA,NA,NA,NA
"Saint Helena",1,"x042","Dysmoropelia dekarchiskos","Saint Helena dove","obs_ins",NA,NA,NA,NA,NA,NA,NA,NA
"Chatham*",4,"x243","Eudyptes warhami","Chatham island penguin","obs_ins",NA,NA,NA,NA,NA,NA,NA,NA
"Chatham*",5,"x207","Fulica chathamensis","Chatham coot","obs_ins",NA,NA,NA,NA,NA,NA,NA,NA
"Bermuda",2,"x055","Grus latipes","Bermuda crane","obs_ins",NA,NA,NA,NA,NA,NA,NA,NA
"Mascarenes*",2,"x467","Hypsipetes cowlesi","Rodrigues bulbul","obs_ins",NA,NA,NA,NA,NA,NA,NA,NA
"Ascension*",1,"x039","Nycticorax olsoni","Ascension night heron","obs_ins",NA,NA,NA,NA,NA,NA,NA,NA
"Chatham*",6,"x256","Pterodroma imberi","Imber's petrel","obs_ins",NA,NA,NA,NA,NA,NA,NA,NA
"Saint Helena",2,"x041","Puffinus pacificoides","Saint Helena shearwater","obs_ins",NA,NA,NA,NA,NA,NA,NA,NA
"Bermuda",3,"x046","Rallus ibycus","Lesser Bermuda rail","obs_ins",NA,NA,NA,NA,NA,NA,NA,NA
"Bermuda",4,"x049","Rallus recessus","Bermuda rail","obs_ins",NA,NA,NA,NA,NA,NA,NA,NA
"Chatham*",7,"x220","Tadorna sp./Chatham","Chatham Island Shelduck","obs_ins",NA,NA,NA,NA,NA,NA,NA,NA
"Bermuda",5,"x047","Zapornia piercei","Lesser Bermuda crake","obs_ins",NA,NA,NA,NA,NA,NA,NA,NA
"Gambier*",NA,NA,"Acrocephalus astrolabii","Mangareva reed warbler","obs_date",1839,1839,1839,NA,NA,NA,NA,NA
"Mariana*",NA,NA,"Acrocephalus luscinius","Guam reed warbler","obs_date",1969,1969,1969,NA,NA,NA,NA,NA
"Society*",NA,NA,"Acrocephalus musae","Society Islands reed warbler","obs_date",1900,1900,1900,NA,NA,NA,NA,NA
"Mariana*",NA,NA,"Acrocephalus nijoi","Aguijan Reed-warbler","obs_date",1995,1995,1995,NA,NA,NA,NA,NA
"Mariana*",NA,NA,"Acrocephalus yamashinae","Pagan reed warbler","obs_date",1969,1969,1969,NA,NA,NA,NA,NA
"Bermuda",NA,NA,"Aegolius gradyi","Bermuda saw-whet owl","obs_date",1600,1600,1600,NA,NA,NA,NA,NA
"Hawaii",NA,NA,"Akialoa ellisiana","Oahu akialoa","obs_date",1937,1937,1937,NA,NA,NA,NA,NA
"Hawaii",NA,NA,"Akialoa lanaiensis","Lanai or Maui Nui akialoa","obs_date",1892,1892,1892,NA,NA,NA,NA,NA
"Hawaii",NA,NA,"Akialoa obscura","Lesser akialoa","obs_date",1940,1940,1940,NA,NA,NA,NA,NA
"Hawaii",NA,NA,"Akialoa stejnegeri","Kauai akialoa","obs_date",1969,1969,1969,NA,NA,NA,NA,NA
"Mascarenes*",NA,NA,"Alectroenas nitidissimus","Mauritius Blue Pigeon","obs_date",1840,1840,1840,NA,NA,NA,NA,NA
"Mascarenes*",NA,NA,"Alectroenas payandeei","Rodrigues blue pigeon","obs_date",1690,1690,1690,NA,NA,NA,NA,NA
"Mascarenes*",NA,NA,"Alectroenas sp./Reunion","Reunion Blue pigeon","obs_date",1674,1674,1674,NA,NA,NA,NA,NA
"Vanuatu",NA,NA,"Alopecoenas ferrugineus","Tanna Ground-Dove","obs_date",1800,1800,1800,NA,NA,NA,NA,NA
"Solomon*",NA,NA,"Alopecoenas salamonis","Thick-billed ground-dove","obs_date",1927,1927,1927,NA,NA,NA,NA,NA
"Mascarenes*",NA,NA,"Alopochen kervazoi","Reunion shelduck","obs_date",1690,1690,1690,NA,NA,NA,NA,NA
"Mascarenes*",NA,NA,"Alopochen mauritiana","Mauritius sheldgoose","obs_date",1698,1698,1698,NA,NA,NA,NA,NA
"Windward*",NA,NA,"Amazona martinicana","Martinique parrot","obs_date",1800,1800,1800,NA,NA,NA,NA,NA
"Windward*",NA,NA,"Amazona violacea","Guadeloupe parrot","obs_date",1800,1800,1800,NA,NA,NA,NA,NA
"Amsterdam*",NA,NA,"Anas marecula","Amsterdam island duck","obs_date",1800,1800,1800,NA,NA,NA,NA,NA
"Amsterdam*",NA,NA,"Anas sp./StPaul","St.Paul garganey","obs_date",1793,1793,1793,NA,NA,NA,NA,NA
"Mascarenes*",NA,NA,"Anas theodori","Mascarene Teal","obs_date",1690,1690,1690,NA,NA,NA,NA,NA
"Mascarenes*",NA,NA,"Anatidae sp./Rodrigues","Rodrigues Stout-legged duck","obs_date",1610,1610,1610,NA,NA,NA,NA,NA
"Chatham*",NA,NA,"Anthornis melanocephala","Chatham bellbird","obs_date",1906,1906,1906,NA,NA,NA,NA,NA
"Mascarenes*",NA,NA,"Aphanapteryx bonasia","Mauritian Red Rail","obs_date",1700,1700,1700,NA,NA,NA,NA,NA
"Pohnpei*",NA,NA,"Aplonis corvina","Kosrae Starling","obs_date",1880,1880,1880,NA,NA,NA,NA,NA
"Norfolk*",NA,NA,"Aplonis fusca","Tasman starling","obs_date",1923,1923,1923,NA,NA,NA,NA,NA
"Cook*",NA,NA,"Aplonis mavornata","Mauke or Mysterious starling","obs_date",1825,1825,1825,NA,NA,NA,NA,NA
"Society*",NA,NA,"Aplonis ulietensis","Raiatea Starling or Bay Thrush","obs_date",1812,1812,1812,NA,NA,NA,NA,NA
"Cuba*",NA,NA,"Ara tricolor","Cuban macaw","obs_date",1850,1850,1850,NA,NA,NA,NA,NA
"Saint Helena",NA,NA,"Atlantisia podarces","Saint Helena rail","obs_date",1550,1550,1550,NA,NA,NA,NA,NA
"Fernando*",NA,NA,"Atlantisia sp./FernandoNoronha","Fernando de Noonha Rail","obs_date",1503,1503,1503,NA,NA,NA,NA,NA
"Mascarenes*",NA,NA,"Aythya sp./Reunion","Reunion Pochard","obs_date",1710,1710,1710,NA,NA,NA,NA,NA
"Bermuda",NA,NA,"Bermuteo avivorus","Bermuda hawk","obs_date",1603,1610,NA,NA,NA,NA,NA,NA
"Saint Helena",NA,NA,"Bulweria bifax","Olson's petrel","obs_date",1502,1502,1502,NA,NA,NA,NA,NA
"Chatham*",NA,NA,"Cabalus modestus","Chatham rail","obs_date",1900,1900,1900,NA,NA,NA,NA,NA
"Society*",NA,NA,"Caloenas maculata","Spotted green pigeon","obs_date",1928,1928,1928,NA,NA,NA,NA,NA
"Nearctic",NA,NA,"Camptorhynchus labradorius","Labrador Duck","obs_date",1875,1875,1875,NA,NA,NA,NA,NA
"Windward*",NA,NA,"Caracara lutosa","Guadalupe caracara","obs_date",1900,1900,1900,NA,NA,NA,NA,NA
"Bonin*",NA,NA,"Carpodacus ferreorostris","Bonin Grosbeak","obs_date",1900,1900,1900,NA,NA,NA,NA,NA
"Gambier*",NA,NA,"cf.Ptilinopus sp./Mangavera","Mangareva Fruit dove","obs_date",1800,1900,NA,NA,NA,NA,NA,NA
"Hawaii",NA,NA,"Chaetoptila angustipluma","kioea","obs_date",1900,1900,1900,NA,NA,NA,NA,NA
"New Zealand",NA,NA,"Chenonetta finschi","Finsch's Duck","obs_date",1500,1600,NA,NA,NA,NA,NA,NA
"Hawaii",NA,NA,"Chloridops kona","Kona grosbeak","obs_date",1894,1894,1894,NA,NA,NA,NA,NA
"Bahamas*",NA,NA,"Chlorostilbon bracei","Brace's Emerald","obs_date",1900,1900,1900,NA,NA,NA,NA,NA
"Cuba*",NA,NA,"Chlorostilbon elegans","Gould's Emerald","obs_date",1840,1840,1840,NA,NA,NA,NA,NA
"Hawaii",NA,NA,"Ciridops anna","ula-ai-hawane","obs_date",1937,1937,1937,NA,NA,NA,NA,NA
"New Zealand",NA,NA,"Coenocorypha barrierensis","North island or little barrier snipe","obs_date",1870,1870,1870,NA,NA,NA,NA,NA
"New Zealand",NA,NA,"Coenocorypha iredalei","South island snipe","obs_date",1964,1964,1964,NA,NA,NA,NA,NA
"Bermuda",NA,NA,"Colaptes oceanicus","Bermuda flicker","obs_date",1623,1623,1623,NA,NA,NA,NA,NA
"Ryukyu*",NA,NA,"Columba jouyi","Ryukyu Pigeon","obs_date",1936,1936,1936,NA,NA,NA,NA,NA
"Mascarenes*",NA,NA,"Columba thiriouxi","Mauritius woodpigeon","obs_date",1730,1730,1730,NA,NA,NA,NA,NA
"Bonin*",NA,NA,"Columba versicolor","Bonin wood pigeon","obs_date",1889,1889,1889,NA,NA,NA,NA,NA
"Nearctic",NA,NA,"Conuropsis carolinensis","Carolina Parakeet","obs_date",1918,1918,1918,NA,NA,NA,NA,NA
"Hawaii",NA,NA,"Corvus hawaiiensis","Hawaiian crow","obs_date",2002,2002,2002,NA,NA,NA,NA,NA
"New Zealand",NA,NA,"Coturnix novaezelandiae","New Zealand quail","obs_date",1875,1875,1875,NA,NA,NA,NA,NA
"Madagascar",NA,NA,"Coua delalandei","Delalande's coua","obs_date",1834,1834,1834,NA,NA,NA,NA,NA
"Society*",NA,NA,"Cyanoramphus ulietanus","Society parakeet","obs_date",1773,1773,1773,NA,NA,NA,NA,NA
"Society*",NA,NA,"Cyanoramphus zealandicus","Black-fronted Parakeet","obs_date",1850,1850,1850,NA,NA,NA,NA,NA
"Cuba*",NA,NA,"Cygnus sumnerensis","Pouwa or New Zealand swan","obs_date",1650,1650,1650,NA,NA,NA,NA,NA
"Chatham*",NA,NA,"Diaphorapteryx hawkinsi","Hawkin's rail","obs_date",1895,1895,1895,NA,NA,NA,NA,NA
"Hawaii",NA,NA,"Drepanis funerea","Black Mamo","obs_date",1907,1907,1907,NA,NA,NA,NA,NA
"Hawaii",NA,NA,"Drepanis pacifica","Hawaii Mamo","obs_date",1898,1898,1898,NA,NA,NA,NA,NA
"Australasia",NA,NA,"Dromaius baudinianus","Kangaroo island emu","obs_date",1827,1827,1827,NA,NA,NA,NA,NA
"Australasia",NA,NA,"Dromaius minor","King island emu","obs_date",1850,1850,1850,NA,NA,NA,NA,NA
"Mascarenes*",NA,NA,"Dryolimnas augusti","Reunion Wood rail","obs_date",1670,1670,1670,NA,NA,NA,NA,NA
"Mascarenes*",NA,NA,"Dryolimnas chekei","Cheke's Wood rail","obs_date",1683,1683,1683,NA,NA,NA,NA,NA
"Gambier*",NA,NA,"Ducula sp./Gambier","Mangareva Imperial pigeon","obs_date",1800,1900,NA,NA,NA,NA,NA,NA
"Hawaii",NA,NA,"Dysmorodrepanis munroi","Lanai hookbill","obs_date",1920,1920,1920,NA,NA,NA,NA,NA
"Vanuatu",NA,NA,"Eclectus infectus","Oceanic parrot","obs_date",1793,1793,1793,NA,NA,NA,NA,NA
"Nearctic",NA,NA,"Ectopistes migratorius","Passenger Pigeon","obs_date",1914,1914,1914,NA,NA,NA,NA,NA
"Mascarenes*",NA,NA,"Erythromachus leguati","Rodrigues rail","obs_date",1726,1761,NA,NA,NA,NA,NA,NA
"Mascarenes*",NA,NA,"Falco duboisi","Reunion kestrel","obs_date",1672,1672,1672,NA,NA,NA,NA,NA
"Mascarenes*",NA,NA,"Foudia delloni","Reunion fody","obs_date",1672,1672,1672,NA,NA,NA,NA,NA
"Mascarenes*",NA,NA,"Fregilupus varius","Reunion starling","obs_date",1860,1860,1860,NA,NA,NA,NA,NA
"Mascarenes*",NA,NA,"Fulica newtonii","Mascarene coot","obs_date",1700,1700,1700,NA,NA,NA,NA,NA
"Mariana*",NA,NA,"Gallicolumba sp./Rota","Rota large ground-dove","obs_date",1490,1610,NA,NA,NA,NA,NA,NA
"Austral*",NA,NA,"Gallicolumba sp./Rurutu2","Rurutu small ground-dove","obs_date",1700,1823,NA,NA,NA,NA,NA,NA
"Tristan*",NA,NA,"Gallinula nesiotis","Tristan moorhen","obs_date",1900,1900,1900,NA,NA,NA,NA,NA
"Tonga*",NA,NA,"Gallirallus sp./Vavau","Vavau rail","obs_date",1793,1793,1793,NA,NA,NA,NA,NA
"Lord Howe*",NA,NA,"Gerygone insularis","Lord Howe Gerygone","obs_date",1936,1936,1936,NA,NA,NA,NA,NA
"Canaries*",NA,NA,"Haematopus meadewaldoi","Canary islands oystercatcher","obs_date",1950,1950,1950,NA,NA,NA,NA,NA
"Hawaii",NA,NA,"Hemignathus lucidus","Oahu nukupuu ","obs_date",1899,1899,1899,NA,NA,NA,NA,NA
"New Zealand",NA,NA,"Heteralocha acutirostris","Huia","obs_date",1907,1907,1907,NA,NA,NA,NA,NA
"Hawaii",NA,NA,"Himatione fraithii","Laysan honeycreeper","obs_date",1923,1923,1923,NA,NA,NA,NA,NA
"Chatham*",NA,NA,"Hypotaenidia dieffenbachii","Dieffenbach's rail ","obs_date",1872,1872,1872,NA,NA,NA,NA,NA
"Marquesas",NA,NA,"Hypotaenidia owstoni","Guam rail","obs_date",1987,1987,1987,NA,NA,NA,NA,NA
"Society*",NA,NA,"Hypotaenidia pacifica","Tahiti Rail","obs_date",1940,1940,1940,NA,NA,NA,NA,NA
"Fiji*",NA,NA,"Hypotaenidia poeciloptera","Bar-winged Rail","obs_date",1973,1973,1973,NA,NA,NA,NA,NA
"Norfolk*",NA,NA,"Hypotaenidia sp./Norfolk","Norfolk island rail","obs_date",1788,1788,1788,NA,NA,NA,NA,NA
"Wake*",NA,NA,"Hypotaenidia wakensis","Wake Island rail","obs_date",1945,1945,1945,NA,NA,NA,NA,NA
"New Zealand",NA,NA,"Ixobrychus novaezelandiae","New Zealand little bittern","obs_date",1900,1900,1900,NA,NA,NA,NA,NA
"Mascarenes*",NA,NA,"Lophopsittacus bensoni","Thirioux's Grey Parrot","obs_date",1800,1800,1800,NA,NA,NA,NA,NA
"Mascarenes*",NA,NA,"Lophopsittacus mauritianus","Raven Parrot","obs_date",1693,1693,1693,NA,NA,NA,NA,NA
"Hawaii",NA,NA,"Loxops wolstenholmei","Oahu akepa","obs_date",1930,1930,1930,NA,NA,NA,NA,NA
"Mascarenes*",NA,NA,"Mascarenotus grucheti","Reunion owl","obs_date",1650,1650,1650,NA,NA,NA,NA,NA
"Mascarenes*",NA,NA,"Mascarenotus murivorus","Rodrigues owl","obs_date",1726,1726,1726,NA,NA,NA,NA,NA
"Mascarenes*",NA,NA,"Mascarenotus sauzieri","Sauzier's owl","obs_date",1840,1840,1840,NA,NA,NA,NA,NA
"Mascarenes*",NA,NA,"Mascarinus mascarin","Mascarene parrot","obs_date",1834,1834,1834,NA,NA,NA,NA,NA
"Auckland*",NA,NA,"Mergus australis","Auckland Island Merganser","obs_date",1902,1902,1902,NA,NA,NA,NA,NA
"Solomon*",NA,NA,"Microgoura meeki","Choiseul pigeon","obs_date",1904,1904,1904,NA,NA,NA,NA,NA
"Neotropic",NA,NA,"Mitu mitu","-","obs_date",1988,1988,1988,NA,NA,NA,NA,NA
"Hawaii",NA,NA,"Moho apicalis","Oahu Oo","obs_date",1850,1850,1850,NA,NA,NA,NA,NA
"Hawaii",NA,NA,"Moho bishopi","Bishop's Oo","obs_date",1981,1981,1981,NA,NA,NA,NA,NA
"Hawaii",NA,NA,"Moho braccatus","Kauai Oo","obs_date",1987,1987,1987,NA,NA,NA,NA,NA
"Hawaii",NA,NA,"Moho nobilis","Hawaii Oo","obs_date",1934,1934,1934,NA,NA,NA,NA,NA
"Ascension*",NA,NA,"Mundia elpenor","Ascension crake","obs_date",1700,1815,NA,NA,NA,NA,NA,NA
"Hawaii",NA,NA,"Myadestes myadestinus","Kama'o","obs_date",1989,1989,1989,NA,NA,NA,NA,NA
"Hawaii",NA,NA,"Myadestes woahensis","Amaui or Oahu thrush","obs_date",1825,1825,1825,NA,NA,NA,NA,NA
"Mariana*",NA,NA,"Myiagra freycineti","Guam flightcatcher","obs_date",1983,1983,1983,NA,NA,NA,NA,NA
"Saint Helena",NA,NA,"Nannococcyx psix","Saint Helena cuckoo","obs_date",1800,1800,1800,NA,NA,NA,NA,NA
"Mascarenes*",NA,NA,"Necropsar rodericanus","Rodrigues starling","obs_date",1726,1726,1726,NA,NA,NA,NA,NA
"Mascarenes*",NA,NA,"Necropsittacus rodricanus","Rodrigues parrot","obs_date",1761,1761,1761,NA,NA,NA,NA,NA
"Outer*",NA,NA,"Nesillas aldabrana","Aldabra Brush-Warbler","obs_date",1983,1983,1983,NA,NA,NA,NA,NA
"Mascarenes*",NA,NA,"Nesoenas cicur","Mauritius turtle dove","obs_date",1730,1730,1730,NA,NA,NA,NA,NA
"Mascarenes*",NA,NA,"Nesoenas duboisi","Reunion pink pigeon","obs_date",1750,1750,1750,NA,NA,NA,NA,NA
"Mascarenes*",NA,NA,"Nesoenas rodericanus","Rodrigues turtle dove","obs_date",1726,1761,NA,NA,NA,NA,NA,NA
"Chatham*",NA,NA,"Nestor chathamensis","Chatham islands kaka","obs_date",1550,1700,NA,NA,NA,NA,NA,NA
"Norfolk*",NA,NA,"Nestor productus","Norfolk kaka","obs_date",1851,1851,1851,NA,NA,NA,NA,NA
"Bermuda",NA,NA,"Nyctanassa carcinocatactes","Bermuda night heron","obs_date",1600,1600,1600,NA,NA,NA,NA,NA
"Mascarenes*",NA,NA,"Nycticorax duboisi","Reunion Night heron","obs_date",1674,1674,1674,NA,NA,NA,NA,NA
"Mascarenes*",NA,NA,"Nycticorax mauritianus","Mauritius Night heron","obs_date",1700,1700,1700,NA,NA,NA,NA,NA
"Mascarenes*",NA,NA,"Nycticorax megacephalus","Rodrigues Night heron","obs_date",1761,1761,1761,NA,NA,NA,NA,NA
"Mascarenes*",NA,NA,"Papasula sp./Mascarenes","Mascarene Booby","obs_date",1832,1832,1832,NA,NA,NA,NA,NA
"Hawaii",NA,NA,"Paroreomyza flammea","Molokai creeper","obs_date",1963,1963,1963,NA,NA,NA,NA,NA
"Mascarenes*",NA,NA,"Pezophaps solitaria","Rodriguez Solitaire","obs_date",1770,1770,1770,NA,NA,NA,NA,NA
"Palearctic",NA,NA,"Pinguinus impennis","Great auk","obs_date",1852,1852,1852,NA,NA,NA,NA,NA
"Bermuda",NA,NA,"Pipilo naufragus","Bermuda towhee","obs_date",1612,1612,1612,NA,NA,NA,NA,NA
"Neotropic",NA,NA,"Podiceps andinus","-","obs_date",1977,1977,1977,NA,NA,NA,NA,NA
"Nearctic",NA,NA,"Podilymbus gigas","Atitlan Grebe","obs_date",1986,1986,1986,NA,NA,NA,NA,NA
"Marquesas",NA,NA,"Pomarea fluxa","Eiao monarch","obs_date",1982,1982,1982,NA,NA,NA,NA,NA
"Marquesas",NA,NA,"Pomarea nukuhivae","Nukuhiva flycatcher","obs_date",1951,1951,1951,NA,NA,NA,NA,NA
"Society*",NA,NA,"Pomarea pomarea","Maupiti monarch","obs_date",1850,1850,1850,NA,NA,NA,NA,NA
"Chatham*",NA,NA,"Poodytes rufescens","Chatham fernbird","obs_date",1900,1900,1900,NA,NA,NA,NA,NA
"Lord Howe*",NA,NA,"Porphyrio albus","Lord Howe Gallinule","obs_date",1834,1834,1834,NA,NA,NA,NA,NA
"Mascarenes*",NA,NA,"Porphyrio caerulescens","Reunion Blue gallinule","obs_date",1730,1730,1730,NA,NA,NA,NA,NA
"New Caledonia",NA,NA,"Porphyrio kukwiedei","New Caledonian gallinule","obs_date",1860,1860,1860,NA,NA,NA,NA,NA
"New Zealand",NA,NA,"Porphyrio mantelli","North Island takahe","obs_date",1850,1850,1850,NA,NA,NA,NA,NA
"Marquesas",NA,NA,"Porphyrio paepae","Marquesan swamphen","obs_date",1937,1937,1937,NA,NA,NA,NA,NA
"Line*",NA,NA,"Prosobonia cancellata","Christmas sandpiper","obs_date",1850,1850,1850,NA,NA,NA,NA,NA
"Society*",NA,NA,"Prosobonia ellisi","Moorea sandpiper","obs_date",1800,1800,1800,NA,NA,NA,NA,NA
"Society*",NA,NA,"Prosobonia leucoptera","Tahitian Sandpiper","obs_date",1800,1800,1800,NA,NA,NA,NA,NA
"Australasia",NA,NA,"Psephotellus pulcherrimus","Paradise Parrot","obs_date",1927,1927,1927,NA,NA,NA,NA,NA
"Windward*",NA,NA,"Psittacara labati","Guadeloupe parakeet","obs_date",1800,1800,1800,NA,NA,NA,NA,NA
"Mascarenes*",NA,NA,"Psittacidae sp./Reunion","Reunion red and green parrot","obs_date",1674,1674,1674,NA,NA,NA,NA,NA
"Mascarenes*",NA,NA,"Psittacula exsul","Newton's Parakeet","obs_date",1875,1875,1875,NA,NA,NA,NA,NA
"Seychelles",NA,NA,"Psittacula wardi","Seychelles Parakeet","obs_date",1900,1900,1900,NA,NA,NA,NA,NA
"Saint Helena",NA,NA,"Pterodroma rupinarum","Large St Helena Petrel","obs_date",1502,1502,1502,NA,NA,NA,NA,NA
"Mascarenes*",NA,NA,"Pterodroma sp./Rodrigues","Rodrigues Petrel","obs_date",1725,1725,1725,NA,NA,NA,NA,NA
"Marquesas",NA,NA,"Ptilinopus mercierii","Red-moustached Fruit-Dove","obs_date",1950,1950,1950,NA,NA,NA,NA,NA
"Galapagos*",NA,NA,"Pyrocephalus dubius","Vermillion flycatcher","obs_date",1987,1987,1987,NA,NA,NA,NA,NA
"Nearctic",NA,NA,"Quiscalus palustris","Slender-billed Grackle","obs_date",1910,1910,1910,NA,NA,NA,NA,NA
"Mascarenes*",NA,NA,"Raphus cucullatus","Dodo","obs_date",1662,1662,1662,NA,NA,NA,NA,NA
"Hawaii",NA,NA,"Rhodacanthis flaviceps","Lesser Koa finch","obs_date",1891,1891,1891,NA,NA,NA,NA,NA
"Hawaii",NA,NA,"Rhodacanthis palmeri","Great Koa finch","obs_date",1896,1896,1896,NA,NA,NA,NA,NA
"New Zealand",NA,NA,"Sceloglaux albifacies","Laughing owl","obs_date",1970,1970,1970,NA,NA,NA,NA,NA
"Madagascar",NA,NA,"Tachybaptus rufolavatus","Alaotra grebe","obs_date",1985,1985,1985,NA,NA,NA,NA,NA
"Mascarenes*",NA,NA,"Threskiornis solitarius","Reunion ibis","obs_date",1708,1708,1708,NA,NA,NA,NA,NA
"Mariana*",NA,NA,"Todiramphus cinnamominus","Guam Kingfisher","obs_date",1986,1986,1986,NA,NA,NA,NA,NA
"New Zealand",NA,NA,"Traversia lyalli","Lyall's wren","obs_date",1900,1900,1900,NA,NA,NA,NA,NA
"New Zealand",NA,NA,"Tribonyx hodgenorum","Hodgen's waterhen","obs_date",1600,1600,1600,NA,NA,NA,NA,NA
"Cuba*",NA,NA,"Turdus ravidus","Grand Cayman Thrush","obs_date",1916,1916,1916,NA,NA,NA,NA,NA
"New Zealand",NA,NA,"Turnagra capensis","South island Piopio","obs_date",1905,1905,1905,NA,NA,NA,NA,NA
"New Zealand",NA,NA,"Turnagra tanagra","North island Piopio","obs_date",1955,1955,1955,NA,NA,NA,NA,NA
"Saint Helena",NA,NA,"Upupa antaios","Saint Helena giant hoopoe","obs_date",1640,1640,1640,NA,NA,NA,NA,NA
"Nearctic",NA,NA,"Urile perspicillatus","Spectacled Cormorant","obs_date",1850,1850,1850,NA,NA,NA,NA,NA
"Hawaii",NA,NA,"Viridonia sagittirostris","Greater amakihi","obs_date",1901,1901,1901,NA,NA,NA,NA,NA
"New Zealand",NA,NA,"Xenicus longipes","Bush wren","obs_date",1972,1972,1972,NA,NA,NA,NA,NA
"Saint Helena",NA,NA,"Zapornia astrictocarpus","Saint Helena crake","obs_date",1502,1502,1502,NA,NA,NA,NA,NA
"Pohnpei*",NA,NA,"Zapornia monasa","Kosrae Crake","obs_date",1875,1875,1875,NA,NA,NA,NA,NA
"Society*",NA,NA,"Zapornia nigra","Miller's rail","obs_date",1800,1800,1800,NA,NA,NA,NA,NA
"Hawaii",NA,NA,"Zapornia palmeri","Laysan crake","obs_date",1944,1944,1944,NA,NA,NA,NA,NA
"Hawaii",NA,NA,"Zapornia sandwichensis","Hawaiian crake","obs_date",1884,1884,1884,NA,NA,NA,NA,NA
"Revillagigedos*",NA,NA,"Zenaida graysoni","Socorro dove","obs_date",1972,1972,1972,NA,NA,NA,NA,NA
"Bonin*",NA,NA,"Zoothera terrestris","Bonin Thrush","obs_date",1889,1889,1889,NA,NA,NA,NA,NA
"Mariana*",NA,NA,"Zosterops conspicillatus","Bridled White-eye","obs_date",1983,1983,1983,NA,NA,NA,NA,NA
"Seychelles",NA,NA,"Zosterops semiflavus","Marianne white-eye","obs_date",1892,1892,1892,NA,NA,NA,NA,NA
"Lord Howe*",NA,NA,"Zosterops strenuus","Robust White-eye","obs_date",1928,1928,1928,NA,NA,NA,NA,NA
"Neotropic",NA,NA,"Cichlocolaptes mazarbarnetti","Cryptic Treehunter","obs_date",2007,2007,2007,NA,NA,NA,NA,NA
"Neotropic",NA,NA,"Cyanopsitta spixii","Spix's Macaw","obs_date",2000,2000,2000,NA,NA,NA,NA,NA
"Hawaii",NA,NA,"Melamprosops phaeosoma","Poo-uli","obs_date",2004,2004,2004,NA,NA,NA,NA,NA
"Neotropic",NA,NA,"Philydor novaesi","Alagoas Foliage-gleaner","obs_date",2011,2011,2011,NA,NA,NA,NA,NA
"Society*",NA,NA,"Acrocephalus longirostris","Moorea Reed-warbler","pex",NA,NA,NA,1981,0.902799351,0.218,NA,NA
"New Caledonia",NA,NA,"Aegotheles savesi","New Caledonian Owlet-nightjar","pex",NA,NA,NA,1998,0.487805736,0.84,NA,NA
"Neotropic",NA,NA,"Amazilia alfaroana","Guanacaste Hummingbird","pex",NA,NA,NA,1895,0.012498547,0.66925,NA,NA
"Neotropic",NA,NA,"Anodorhynchus glaucus","Glaucous Macaw","pex",NA,NA,NA,2001,0.425364829,0.127,NA,NA
"Pohnpei*",NA,NA,"Aplonis pelzelni","Pohnpei Starling","pex",NA,NA,NA,1995,0.497556434,0.5,NA,NA
"Neotropic",NA,NA,"Atlapetes blancae","Antioquia Brush-finch","pex",NA,NA,NA,2018,0.529424717,0.6975,NA,NA
"New Zealand",NA,NA,"Callaeas cinereus","South Island Kokako","pex",NA,NA,NA,2007,0.897994103,0.220375,NA,NA
"Neotropic",NA,NA,"Calyptura cristata","Kinglet Calyptura","pex",NA,NA,NA,1996,0.748602698,0.5875,NA,NA
"Nearctic",NA,NA,"Campephilus imperialis","Imperial Woodpecker","pex",NA,NA,NA,1956,0.332913563,0.15425,NA,NA
"Nearctic",NA,NA,"Campephilus principalis","Ivory-billed Woodpecker","pex",NA,NA,NA,1987,0.812341831,0.26,NA,NA
"New Caledonia",NA,NA,"Charmosyna diadema","New Caledonian Lorikeet","pex",NA,NA,NA,1913,0.269020448,0.262,NA,NA
"Neotropic",NA,NA,"Claravis geoffroyi","Purple-winged Ground-dove","pex",NA,NA,NA,2007,0.901155289,0.4475,NA,NA
"Indo-Malay",NA,NA,"Cyornis ruckii","RÃ¼ck's Blue-flycatcher","pex",NA,NA,NA,1918,0.599170803,0.49075,NA,NA
"Neotropic",NA,NA,"Eriocnemis godini","Turquoiseâthroated Puffleg","pex",NA,NA,NA,1850,0.175313843,0.49075,NA,NA
"Indo-Malay",NA,NA,"Eurochelidon sirintarae","White-eyed River Martin","pex",NA,NA,NA,1978,0.80610308,0.75,NA,NA
"New Caledonia",NA,NA,"Eurostopodus exul","New Caledonian Nightjar","pex",NA,NA,NA,1939,0.13661733,0.321875,NA,NA
"Philippines*",NA,NA,"Gallicolumba menagei","Sulu Bleeding-heart","pex",NA,NA,NA,1891,0.340348413,0.67,NA,NA
"New Caledonia",NA,NA,"Gallirallus lafresnayanus","New Caledonian Rail","pex",NA,NA,NA,1890,0.505922689,0.505,NA,NA
"Neotropic",NA,NA,"Glaucidium mooreorum","Pernambuco Pygmyâowl","pex",NA,NA,NA,2001,0.317144046,0.118,NA,NA
"Hawaii",NA,NA,"Hemignathus affinis","Maui Nukupuu","pex",NA,NA,NA,1896,0.252050033,0.059725,NA,NA
"Hawaii",NA,NA,"Hemignathus hanapepe","Kauai Nukupuu","pex",NA,NA,NA,1899,0.240810648,0.059725,NA,NA
"Guadalupe*",NA,NA,"Hydrobates macrodactylus","Guadalupe Stormâpetrel","pex",NA,NA,NA,1912,0.116830827,0.220375,NA,NA
"Windward*",NA,NA,"Leucopeza semperi","Semper's Warbler","pex",NA,NA,NA,1961,0.790890623,0.3695,NA,NA
"Hawaii",NA,NA,"Loxops ochraceus","Maui Akepa","pex",NA,NA,NA,1988,0.06645509,0.1045,NA,NA
"Hawaii",NA,NA,"Myadestes lanaiensis","Olomao","pex",NA,NA,NA,1994,0.611724555,0.03485,NA,NA
"Nearctic",NA,NA,"Numenius borealis","Eskimo Curlew","pex",NA,NA,NA,1963,0.858469798,0.49975,NA,NA
"Palearctic",NA,NA,"Ophrysia superciliosa","Himalayan Quail","pex",NA,NA,NA,1876,0.800440125,0.645625,NA,NA
"Sulawesi",NA,NA,"Otus siaoensis","Siau Scops-owl","pex",NA,NA,NA,1866,0.540967284,0.6275,NA,NA
"Samoan*",NA,NA,"Pareudiastes pacificus","Samoan Moorhen","pex",NA,NA,NA,1873,0.509453261,0.4,NA,NA
"Solomon*",NA,NA,"Pareudiastes silvestris","Makira Moorhen","pex",NA,NA,NA,1953,0.848905791,0.515,NA,NA
"Hawaii",NA,NA,"Paroreomyza maculata","Oahu Alauahio","pex",NA,NA,NA,1985,0.357469361,0.03485,NA,NA
"Marquesas",NA,NA,"Pomarea mira","Ua Pou Monarch","pex",NA,NA,NA,2010,0.139788827,0.19,NA,NA
"Hawaii",NA,NA,"Psittirostra psittacea","Ou","pex",NA,NA,NA,1989,0.326319321,0.059725,NA,NA
"Cuba*",NA,NA,"Pterodroma caribbaea","Jamaican Petrel","pex",NA,NA,NA,1879,0.330264946,0.4665,NA,NA
"Philippines*",NA,NA,"Ptilinopus arcanus","Negros Fruit-dove","pex",NA,NA,NA,1953,0.864763901,0.955,NA,NA
"Neotropic",NA,NA,"Pyrrhura subandina","Sinu Parakeet","pex",NA,NA,NA,1949,0.169983671,0.19975,NA,NA
"Indo-Malay",NA,NA,"Rhinoptilus bitorquatus","Jerdon's Courser","pex",NA,NA,NA,2009,0.889492615,0.7875,NA,NA
"Indo-Malay",NA,NA,"Rhodonessa caryophyllacea","Pink-headed Duck","pex",NA,NA,NA,1949,0.799115998,0.412,NA,NA
"Cuba*",NA,NA,"Siphonorhis americana","Jamaican Poorwill","pex",NA,NA,NA,1860,0.200718969,0.10275,NA,NA
"Afrotropic",NA,NA,"Sylvietta chapini","Lendu Crombec","pex",NA,NA,NA,1942,0.807891353,0.75,NA,NA
"Palearctic",NA,NA,"Tadorna cristata","Crested Shelduck","pex",NA,NA,NA,1964,0.674779292,0.440625,NA,NA
"Yucatan*",NA,NA,"Toxostoma guttatum","Cozumel Thrasher","pex",NA,NA,NA,2004,0.598622383,0.19675,NA,NA
"New Caledonia",NA,NA,"Turnix novaecaledoniae","New Caledonian Buttonquail","pex",NA,NA,NA,1911,0.014351166,0.29125,NA,NA
"Indo-Malay",NA,NA,"Vanellus macropterus","Javan Lapwing","pex",NA,NA,NA,1939,0.464645675,0.418,NA,NA
"Nearctic",NA,NA,"Vermivora bachmanii","Bachman's Warbler","pex",NA,NA,NA,1988,0.453536568,0.15175,NA,NA
"Norfolk*",NA,NA,"Zosterops albogularis","White-chested White-eye","pex",NA,NA,NA,2000,0.609684429,0.08335,NA,NA
"Palearctic",NA,NA,"Aegypius prepyrenaicus","-","cont",NA,NA,NA,NA,NA,NA,"50900","43700"
"Nearctic",NA,NA,"Aiolornis incredibilis","Incredible Tetraorn","cont",NA,NA,NA,NA,NA,NA,"13340","11660"
"Neotropic",NA,NA,"Amplibuteo hibbardi","-","cont",NA,NA,NA,NA,NA,NA,"13900",NA
"Nearctic",NA,NA,"Anabernicula gracilenta","-","cont",NA,NA,NA,NA,NA,NA,"13460","10720"
"Neotropic",NA,NA,"Anas amotape","-","cont",NA,NA,NA,NA,NA,NA,"13900",NA
"Nearctic",NA,NA,"Anas itchtucknee","-","cont",NA,NA,NA,NA,NA,NA,"75000","11000"
"Neotropic",NA,NA,"Anas sanctahelenae","-","cont",NA,NA,NA,NA,NA,NA,"13900",NA
"Nearctic",NA,NA,"Anas schneideri","-","cont",NA,NA,NA,NA,NA,NA,"10750","10250"
"Neotropic",NA,NA,"Anas talarae","-","cont",NA,NA,NA,NA,NA,NA,"13900",NA
"Nearctic",NA,NA,"Anhinga beckeri","-","cont",NA,NA,NA,NA,NA,NA,"75000","11000"
"Nearctic",NA,NA,"Asio priscus","-","cont",NA,NA,NA,NA,NA,NA,"37000","10400"
"Nearctic",NA,NA,"Belonopterus downsi","-","cont",NA,NA,NA,NA,NA,NA,"40000","10000"
"Neotropic",NA,NA,"Belonopterus edmondi","-","cont",NA,NA,NA,NA,NA,NA,"13900",NA
"Nearctic",NA,NA,"Branta dickeyi","-","cont",NA,NA,NA,NA,NA,NA,"40500","35500"
"Nearctic",NA,NA,"Breagyps clarki","-","cont",NA,NA,NA,NA,NA,NA,"13340","11660"
"Nearctic",NA,NA,"Bubo sinclairi","-","cont",NA,NA,NA,NA,NA,NA,"75000","11000"
"Neotropic",NA,NA,"Buteo hoffstetteri","-","cont",NA,NA,NA,NA,NA,NA,"13900",NA
"Indo-Malay",NA,NA,"Buteo sanya","-","cont",NA,NA,NA,NA,NA,NA,"11000","10000"
"Nearctic",NA,NA,"Buteogallus daggetti","-","cont",NA,NA,NA,NA,NA,NA,"40000","10000"
"Nearctic",NA,NA,"Buteogallus fragilis","-","cont",NA,NA,NA,NA,NA,NA,"12200","11130"
"Nearctic",NA,NA,"Buteogallus milleri","-","cont",NA,NA,NA,NA,NA,NA,"75000","11000"
"Neotropic",NA,NA,"Buteogallus terrestris","-","cont",NA,NA,NA,NA,NA,NA,"13900",NA
"Neotropic",NA,NA,"Caprimulgus piurensis","-","cont",NA,NA,NA,NA,NA,NA,"13900",NA
"Neotropic",NA,NA,"Caracara major","-","cont",NA,NA,NA,NA,NA,NA,"40100","35500"
"Neotropic",NA,NA,"Caracara seymouri","-","cont",NA,NA,NA,NA,NA,NA,"13900",NA
"Neotropic",NA,NA,"Caracara sp./BuenosAires","-","cont",NA,NA,NA,NA,NA,NA,"41100","35500"
"Australasia",NA,NA,"Casuarius lydekkeri","Pygmy cassowary","cont",NA,NA,NA,NA,NA,NA,"38000",NA
"Nearctic",NA,NA,"Cathartornis gracilis","-","cont",NA,NA,NA,NA,NA,NA,"40000","10000"
"Australasia",NA,NA,"Centropus colossus","-","cont",NA,NA,NA,NA,NA,NA,"124000","15000"
"Nearctic",NA,NA,"Chendytes lawi","Law's diving-goose","cont",NA,NA,NA,NA,NA,NA,"450","250"
"Neotropic",NA,NA,"Ciconia lydekkeri","-","cont",NA,NA,NA,NA,NA,NA,"30000","10000"
"Nearctic",NA,NA,"Cistothorus brevis","-","cont",NA,NA,NA,NA,NA,NA,"1250000","75000"
"Palearctic",NA,NA,"Corvus fangshannus","-","cont",NA,NA,NA,NA,NA,NA,NA,NA
"Nearctic",NA,NA,"Corvus neomexicanus","-","cont",NA,NA,NA,NA,NA,NA,"26890","23430"
"Nearctic",NA,NA,"Cremaster tytthus","-","cont",NA,NA,NA,NA,NA,NA,"1250000","75000"
"Palearctic",NA,NA,"Cygnus equitum","Dwarf swan","cont",NA,NA,NA,NA,NA,NA,"135000","114000"
"Palearctic",NA,NA,"Cygnus falconeri","Maltese giant swan","cont",NA,NA,NA,NA,NA,NA,NA,NA
"Nearctic",NA,NA,"Dendragapus gilli","-","cont",NA,NA,NA,NA,NA,NA,"75000","11000"
"Neotropic",NA,NA,"Eudocimus peruvianus","-","cont",NA,NA,NA,NA,NA,NA,"13900",NA
"Nearctic",NA,NA,"Euphagus magnirostris","-","cont",NA,NA,NA,NA,NA,NA,"10750","10250"
"Nearctic",NA,NA,"Fratercula dowi","-","cont",NA,NA,NA,NA,NA,NA,"11985","11795"
"Australasia",NA,NA,"Genyornis newtoni","-","cont",NA,NA,NA,NA,NA,NA,"26650","25350"
"Neotropic",NA,NA,"Geronogyps reliquus","-","cont",NA,NA,NA,NA,NA,NA,"13900",NA
"Nearctic",NA,NA,"Grus pagei","-","cont",NA,NA,NA,NA,NA,NA,"12200","11130"
"Nearctic",NA,NA,"Gymnogyps amplus","-","cont",NA,NA,NA,NA,NA,NA,"9000",NA
"Neotropic",NA,NA,"Gymnogyps howardae","-","cont",NA,NA,NA,NA,NA,NA,"13900",NA
"Palearctic",NA,NA,"Gyps melitensis","Maltese vulture","cont",NA,NA,NA,NA,NA,NA,NA,NA
"Nearctic",NA,NA,"Henocitta brodkorbii","-","cont",NA,NA,NA,NA,NA,NA,"1250000","75000"
"Nearctic",NA,NA,"Meleagris californicus","-","cont",NA,NA,NA,NA,NA,NA,"11050","10330"
"Nearctic",NA,NA,"Meleagris crassipes","-","cont",NA,NA,NA,NA,NA,NA,"12310","12050"
"Neotropic",NA,NA,"Micropalama chapmani","-","cont",NA,NA,NA,NA,NA,NA,"13900",NA
"Neotropic",NA,NA,"Milvago brodkorbi","-","cont",NA,NA,NA,NA,NA,NA,"13900",NA
"Nearctic",NA,NA,"Morus reyana","-","cont",NA,NA,NA,NA,NA,NA,"75000","11000"
"Neotropic",NA,NA,"Nannonetta invisitata","-","cont",NA,NA,NA,NA,NA,NA,"13900",NA
"Neotropic",NA,NA,"Neochen pugil","-","cont",NA,NA,NA,NA,NA,NA,NA,NA
"Nearctic",NA,NA,"Neogyps errans","-","cont",NA,NA,NA,NA,NA,NA,"12200","11130"
"Nearctic",NA,NA,"Neophrontops americanus","-","cont",NA,NA,NA,NA,NA,NA,"12180","11130"
"Nearctic",NA,NA,"Neortyx peninsularis","-","cont",NA,NA,NA,NA,NA,NA,"1250000","75000"
"Nearctic",NA,NA,"Numenius victima","-","cont",NA,NA,NA,NA,NA,NA,"28000","26000"
"Neotropic",NA,NA,"Nuntius solitarius","-","cont",NA,NA,NA,NA,NA,NA,"13900",NA
"Australasia",NA,NA,"Ocyplanus proeses","-","cont",NA,NA,NA,NA,NA,NA,NA,NA
"Neotropic",NA,NA,"Oreopholus orcesi","-","cont",NA,NA,NA,NA,NA,NA,"13900",NA
"Australasia",NA,NA,"Orthonyx hypsilophus","-","cont",NA,NA,NA,NA,NA,NA,"124000","15000"
"Australasia",NA,NA,"Orthonyx wakefieldi","-","cont",NA,NA,NA,NA,NA,NA,"40000","22980"
"Neotropic",NA,NA,"Pampagyps imperator","-","cont",NA,NA,NA,NA,NA,NA,"32780","31120"
"Nearctic",NA,NA,"Pandanaris convexa","-","cont",NA,NA,NA,NA,NA,NA,"40000","10000"
"Nearctic",NA,NA,"Pandanaris floridana","-","cont",NA,NA,NA,NA,NA,NA,"1250000","75000"
"Australasia",NA,NA,"Pelecanus cadimurka","-","cont",NA,NA,NA,NA,NA,NA,NA,NA
"Palearctic",NA,NA,"Phasianus yanshansis","-","cont",NA,NA,NA,NA,NA,NA,NA,NA
"Nearctic",NA,NA,"Phoenicopterus copei","-","cont",NA,NA,NA,NA,NA,NA,"75000","11000"
"Neotropic",NA,NA,"Phorusrhacidae sp./Uruguay","-","cont",NA,NA,NA,NA,NA,NA,"17720","17520"
"Nearctic",NA,NA,"Pipilo angelensis","-","cont",NA,NA,NA,NA,NA,NA,"40000","10000"
"Neotropic",NA,NA,"Pleistovultur nevesi","-","cont",NA,NA,NA,NA,NA,NA,"12510","9990"
"Nearctic",NA,NA,"Podilymbus wetmorei","-","cont",NA,NA,NA,NA,NA,NA,"75000","11000"
"Neotropic",NA,NA,"Pseudoseisuropsis cuelloi","-","cont",NA,NA,NA,NA,NA,NA,NA,NA
"Neotropic",NA,NA,"Psilopterus sp./Uruguay","-","cont",NA,NA,NA,NA,NA,NA,"102340","89740"
"Australasia",NA,NA,"Pycnoptilus fordi","-","cont",NA,NA,NA,NA,NA,NA,"40000","22980"
"Nearctic",NA,NA,"Pyelorhamphus molothroides","-","cont",NA,NA,NA,NA,NA,NA,"31250","11330"
"Nearctic",NA,NA,"Rallus natator","-","cont",NA,NA,NA,NA,NA,NA,"28000","26000"
"Neotropic",NA,NA,"Sarcoramphus fisheri","-","cont",NA,NA,NA,NA,NA,NA,"13900",NA
"Nearctic",NA,NA,"Spizaetus grinnelli","-","cont",NA,NA,NA,NA,NA,NA,"12200","11130"
"Nearctic",NA,NA,"Spizaetus willetti","-","cont",NA,NA,NA,NA,NA,NA,"13460","10720"
"Neotropic",NA,NA,"Steganopus graui","-","cont",NA,NA,NA,NA,NA,NA,"13900",NA
"Nearctic",NA,NA,"Strix brea","-","cont",NA,NA,NA,NA,NA,NA,"12200","11130"
"Palearctic",NA,NA,"Struthio anderssoni","-","cont",NA,NA,NA,NA,NA,NA,"8900",NA
"Neotropic",NA,NA,"Syrigma sanctimartini","-","cont",NA,NA,NA,NA,NA,NA,"13900",NA
"Nearctic",NA,NA,"Tachycineta speleodytes","-","cont",NA,NA,NA,NA,NA,NA,"1250000","75000"
"Nearctic",NA,NA,"Teratornis merriami","-","cont",NA,NA,NA,NA,NA,NA,"11000","10000"
"Nearctic",NA,NA,"Teratornis woodburnensis","-","cont",NA,NA,NA,NA,NA,NA,"12000",NA
"Palearctic",NA,NA,"Tetrastes daliannsis","-","cont",NA,NA,NA,NA,NA,NA,NA,NA
"Neotropic",NA,NA,"Theristicus wetmorei","-","cont",NA,NA,NA,NA,NA,NA,"13900",NA
"Neotropic",NA,NA,"Thinocorus koepckeae","-","cont",NA,NA,NA,NA,NA,NA,"13900",NA
"Neotropic",NA,NA,"Tringa ameghini","-","cont",NA,NA,NA,NA,NA,NA,"13900",NA
"Nearctic",NA,NA,"Tympanuchus ceres","-","cont",NA,NA,NA,NA,NA,NA,"1250000","75000"
"Neotropic",NA,NA,"Viator picis","-","cont",NA,NA,NA,NA,NA,NA,"13900",NA
"Neotropic",NA,NA,"Wingegyps cartellei","-","cont",NA,NA,NA,NA,NA,NA,"12320","12080"
"Australasia",NA,NA,"Xenorhynchopsis minor","-","cont",NA,NA,NA,NA,NA,NA,NA,NA
"Australasia",NA,NA,"Xenorhynchopsis tibialis","-","cont",NA,NA,NA,NA,NA,NA,NA,NA
